{"model": "FPN-ResNet50-BCEDice-20E", "epochs": 20, "batch_size": 16, "encoder": "resnet50", "encoder_weights": "imagenet", "lr_encoder": 0.0001, "lr_decoder": 0.001, "loss": "bceDice", "train_loss_list": [0.4131640667154373, 0.35736140731197397, 0.3496077438856361, 0.34390371138025827, 0.3374858225151475, 0.335088648166238, 0.3328059993652943, 0.3294444923003435, 0.32799099202720705, 0.3166848340127158, 0.31161413057680193, 0.31097380930090973, 0.30656774216963184, 0.30581679667936396, 0.30504052187225617, 0.3033558018244333, 0.3018512522092302, 0.30116027023958986, 0.29830822073918883, 0.29853082660968544], "valid_loss_list": [0.4795244852164844, 0.5169770517327764, 0.3940363943039834, 0.4340311513290749, 0.4167056549776782, 0.44509122860324274, 0.6276608784993489, 0.41752367051872047, 0.41120393131230326, 0.32798969606021505, 0.3413299053638905, 0.33741205055434426, 0.3578541969393825, 0.3531326582839897, 0.3244270360147631, 0.3665184376476047, 0.3456778717470599, 0.3699569039516621, 0.3752334827238375, 0.3446085938462266], "dice_score_list": [0.12111036055259876, 0.12365810822796178, 0.2202878900476404, 0.15373039017389487, 0.18879923705045168, 0.14645557059898032, 0.14218937977477236, 0.1811151243813403, 0.22080877584380074, 0.2596838520185367, 0.2580663020546372, 0.2525937865983259, 0.23973144529102086, 0.2409413259040128, 0.2639519218657468, 0.2389610252133361, 0.2442784317710378, 0.25648092461061905, 0.25137308532590263, 0.24723473983304994], "lr_rate_list": [[0.0001, 0.001], [0.0001, 0.001], [0.0001, 0.001], [0.0001, 0.001], [0.0001, 0.001], [0.0001, 0.001], [0.0001, 0.001], [0.0001, 0.001], [0.0001, 0.001], [1.5e-05, 0.00015], [1.5e-05, 0.00015], [1.5e-05, 0.00015], [1.5e-05, 0.00015], [1.5e-05, 0.00015], [1.5e-05, 0.00015], [1.5e-05, 0.00015], [1.5e-05, 0.00015], [1.5e-05, 0.00015], [1.5e-05, 0.00015], [1.5e-05, 0.00015]]}