{"model": "Unet-ResNet50-20E", "epochs": 20, "batch_size": 16, "encoder": "resnet50", "encoder_weights": "imagenet", "lr_encoder": 0.001, "lr_decoder": 0.01, "loss": "BCEWithLogitsLoss", "train_loss_list": [0.505210540201974, 0.39122904735919445, 0.34894776898427854, 0.32951497052337336, 0.3151139543520332, 0.3084814172246322, 0.3035568709102142, 0.30039838916599526, 0.294517151568032, 0.29237454659091855, 0.2900058780349918, 0.2910418369456681, 0.28670185341000964, 0.2864274013271744, 0.284519473265799, 0.282991918401378, 0.2815552885655147, 0.28303392919348086, 0.2835230297625268, 0.2729433006512763], "valid_loss_list": [0.43979111856168457, 0.37415534472680306, 0.3565132798912289, 0.3662514340770137, 0.3401744606258633, 0.30798707577559326, 0.31255579241761217, 0.3062250623831878, 0.2973079376392536, 0.3009190664635048, 0.30403389667605496, 0.29349127803836855, 0.28914957766060356, 0.2904993023958292, 0.2933062234977344, 0.28534641974681135, 0.31331394647692773, 0.31466456495963774, 0.301951867019808, 0.2694463976868638], "dice_score_list": [0.1592930125223624, 0.05426087716409752, -0.004534542830744842, 0.02311172179273657, 0.07670070808213036, 0.04458629404035237, 0.03194529405115424, 0.024941473886337096, 0.03278509904672434, 0.047284344080332164, 0.035402322433016324, 0.03085240287420986, 0.05170789463026029, 0.028925149592461886, 0.04862283973006515, 0.022275981511752883, 0.053246130707027675, 0.025490871680950798, 0.02971999514344576, 0.02325290771083789], "lr_rate_list": [[0.001, 0.01], [0.001, 0.01], [0.001, 0.01], [0.001, 0.01], [0.001, 0.01], [0.001, 0.01], [0.001, 0.01], [0.001, 0.01], [0.001, 0.01], [0.001, 0.01], [0.001, 0.01], [0.001, 0.01], [0.001, 0.01], [0.001, 0.01], [0.001, 0.01], [0.001, 0.01], [0.001, 0.01], [0.001, 0.01], [0.001, 0.01], [0.00015, 0.0015]]}