{"model": "Unet-ResNet50-BCEDice-20E", "epochs": 20, "batch_size": 16, "encoder": "resnet50", "encoder_weights": "imagenet", "lr_encoder": 0.0001, "lr_decoder": 0.001, "loss": "bceDice", "train_loss_list": [0.6044852680587692, 0.5638115482467899, 0.5430581963055121, 0.5276296932934712, 0.5137157737372801, 0.5012168269481289, 0.48950694010267753, 0.4793500546115932, 0.4697397992334345, 0.4595239225919059, 0.45133656609681777, 0.44325086251095286, 0.436461516884567, 0.4293414560629738, 0.42170497559517045, 0.4153326386751906, 0.4093282523756633, 0.4038236001418746, 0.3958143375245203, 0.3867147185059163], "valid_loss_list": [0.6128299743205577, 0.6141416456248309, 0.6218484727112022, 0.5727772883466772, 0.5738572879954501, 0.5482816794971088, 0.6079036169223957, 0.5086469245386553, 0.5352758712596721, 0.5054459880064199, 0.5769722612054499, 0.47450028690131935, 0.45098111038809424, 0.5221729260307174, 0.5253257428203617, 0.5438988733936001, 0.541262715356844, 0.5186155122679633, 0.5103321566775039, 0.4273974895477295], "dice_score_list": [0.2037717101273236, 0.19720852834147376, 0.16524265013836525, 0.15009330905772544, 0.18651206356448097, 0.14797885616620382, 0.2022956530521582, 0.18052913573411133, 0.1303665461035462, 0.15482164446835045, 0.16190404948350545, 0.18564246678137564, 0.20442978707519738, 0.15226826187189635, 0.2241997200089532, 0.15067111334285221, 0.19278461151831858, 0.14823721209624866, 0.15683074236453118, 0.2510007093081603], "lr_rate_list": [[0.0001, 0.001], [0.0001, 0.001], [0.0001, 0.001], [0.0001, 0.001], [0.0001, 0.001], [0.0001, 0.001], [0.0001, 0.001], [0.0001, 0.001], [0.0001, 0.001], [0.0001, 0.001], [0.0001, 0.001], [0.0001, 0.001], [0.0001, 0.001], [0.0001, 0.001], [0.0001, 0.001], [0.0001, 0.001], [0.0001, 0.001], [0.0001, 0.001], [0.0001, 0.001], [1.5e-05, 0.00015]]}