{"model": "Efficient-BCE-20E", "epochs": 20, "batch_size": 16, "backbone": "nvidia_efficientnet_b0", "lr": 0.0001, "loss": "bce", "train_loss_list": [0.5790854618289215, 0.5112607863381492, 0.48779327534575845, 0.4760386399098406, 0.464630371122558, 0.4501877340032132, 0.447408910588814, 0.43322706066669914, 0.41737380599631607, 0.40281599625689796, 0.373434853349536, 0.36425221487678205, 0.3598299639734521, 0.35178788561236224, 0.3457053267708547, 0.33827807061622767, 0.33620117361530516, 0.3360176983988962, 0.33024788488666684, 0.3323102724428538], "valid_loss_list": [0.5433227034302445, 0.4865420038635666, 0.49143696389756764, 0.481593487284205, 0.48915000713623324, 0.48648703721192504, 0.5011033721872278, 0.5117368096703881, 0.5038134415944417, 0.5298193466018986, 0.5148233553310773, 0.5190785154566034, 0.5259779626184755, 0.5346126476923625, 0.5378641902863442, 0.5428172051369607, 0.5421922045785028, 0.5443525473276775, 0.5439784024212811, 0.5482208226178144], "lr_rate_list": [[0.0001], [0.0001], [0.0001], [0.0001], [0.0001], [0.0001], [0.0001], [0.0001], [0.0001], [0.0001], [1.5e-05], [1.5e-05], [1.5e-05], [1.5e-05], [1.5e-05], [1.5e-05], [2.25e-06], [2.25e-06], [2.25e-06], [2.25e-06]]}