{"model": "Unet-ResNet50-Dice-20E", "epochs": 20, "batch_size": 16, "encoder": "resnet50", "encoder_weights": "imagenet", "lr_encoder": 0.0001, "lr_decoder": 0.001, "loss": "dice", "train_loss_list": [0.6346015266415782, 0.5791489907673427, 0.5383557047544895, 0.5080772718574021, 0.483455924275069, 0.46143990574750554, 0.45512455033052185, 0.44902134715519554, 0.44507509197698664, 0.44165498238005396, 0.4344519997522029, 0.43680880416540696, 0.43471435160848043, 0.43307512830192735, 0.4329543855452533, 0.4317524239071575, 0.4304803627881085, 0.4304723794200907, 0.4298802775793051, 0.42980368750961434], "valid_loss_list": [0.8082886832254427, 0.6251422754279128, 0.7416806709658992, 0.7338432899466506, 0.7520273425557592, 0.4599049505886731, 0.4425924126092378, 0.4500516107490471, 0.47722350283785986, 0.4711268051250561, 0.4282407659668106, 0.4239188681851636, 0.4254705607354104, 0.4218493131903915, 0.4209643732320081, 0.42138303421639106, 0.421936530143291, 0.4223913868268331, 0.4211100481651925, 0.4227358023325602], "dice_score_list": [0.10792001144843058, 0.20061682371405867, 0.11832174956798554, 0.1130916559481406, 0.10019118577778877, 0.27956284118128255, 0.29618032102112296, 0.2760257298881943, 0.25659865543649, 0.2577704689524195, 0.29556465852367986, 0.2983178030800175, 0.29795584163150274, 0.2965422975587415, 0.294320374351364, 0.2966980824599395, 0.29780340640394537, 0.2964104490774172, 0.29685510821170635, 0.29610727842863616], "lr_rate_list": [[0.0001, 0.001], [0.0001, 0.001], [0.0001, 0.001], [0.0001, 0.001], [0.0001, 0.001], [1.5e-05, 0.00015], [1.5e-05, 0.00015], [1.5e-05, 0.00015], [1.5e-05, 0.00015], [1.5e-05, 0.00015], [2.25e-06, 2.2499999999999998e-05], [2.25e-06, 2.2499999999999998e-05], [2.25e-06, 2.2499999999999998e-05], [2.25e-06, 2.2499999999999998e-05], [2.25e-06, 2.2499999999999998e-05], [2.25e-06, 2.2499999999999998e-05], [2.25e-06, 2.2499999999999998e-05], [2.25e-06, 2.2499999999999998e-05], [3.375e-07, 3.3749999999999995e-06], [3.375e-07, 3.3749999999999995e-06]]}