{"model": "DeepLabV3Plus-ResNet50-BCEDice-20E", "epochs": 20, "batch_size": 8, "encoder": "resnet50", "encoder_weights": "imagenet", "lr_encoder": 0.0001, "lr_decoder": 0.001, "loss": "bceDice", "train_loss_list": [0.44489319369635777, 0.37505870920172485, 0.35650841751143536, 0.3452049356451782, 0.34001909674969494, 0.3366472947169965, 0.3310965565862696, 0.3282239088742725, 0.3156486111087566, 0.31175868131669676, 0.3098030236149044, 0.30644723068996654, 0.3060386410769373, 0.30462472391878526, 0.3017468646458313, 0.2993993014664479, 0.29917201272616334, 0.2979082483204876, 0.2945438494330727, 0.29484570523202597], "valid_loss_list": [0.6549105019182773, 0.401183688425803, 0.5308696859591716, 0.45974709289567967, 0.6064070099108928, 0.8125232679349882, 0.7004076595778937, 0.4323170809058456, 0.3751055410584888, 0.3468181858191619, 0.3383666907344853, 0.36555411949888006, 0.35426140943089046, 0.3286926689985636, 0.3592382877259641, 0.32507163436563163, 0.35850958185152965, 0.42219321832463547, 0.3274999311915389, 0.3401431650191814], "dice_score_list": [0.16557786821782053, 0.20288756903227384, 0.16369018799012847, 0.15575179460349384, 0.08583588369257815, 0.08553587364720869, 0.12635923277687383, 0.20488599286423073, 0.2537691967444377, 0.23590374943372366, 0.25873175070092486, 0.22072544801342595, 0.23104772229452392, 0.2533483721651473, 0.2517357768239202, 0.2545254719149959, 0.25739612649152943, 0.23079717766057264, 0.25809496071961546, 0.2614728627441166], "lr_rate_list": [[0.0001, 0.001], [0.0001, 0.001], [0.0001, 0.001], [0.0001, 0.001], [0.0001, 0.001], [0.0001, 0.001], [0.0001, 0.001], [0.0001, 0.001], [1.5e-05, 0.00015], [1.5e-05, 0.00015], [1.5e-05, 0.00015], [1.5e-05, 0.00015], [1.5e-05, 0.00015], [1.5e-05, 0.00015], [1.5e-05, 0.00015], [1.5e-05, 0.00015], [1.5e-05, 0.00015], [1.5e-05, 0.00015], [1.5e-05, 0.00015], [1.5e-05, 0.00015]]}