{"model": "DenseNet-BCE-20E", "epochs": 20, "batch_size": 16, "backbone": "densenet121", "lr": 0.0001, "loss": "bce", "train_loss_list": [0.5508880671667988, 0.5095074260632555, 0.5019834093729368, 0.49711298313734226, 0.4880940643272709, 0.48529665856021714, 0.47658532336555803, 0.47629287685758903, 0.46262336263686715, 0.45822702161463885, 0.44805071948346414, 0.44252370121889656, 0.4398497895037838, 0.39994733563621804, 0.38451494216059007, 0.37938780404083144, 0.3733806941990814, 0.36544595810612435, 0.35921007926879, 0.34827602049377826], "valid_loss_list": [0.5332280761486775, 0.5000200071850338, 0.5205860707136962, 0.5181470532675048, 0.5078753686166024, 0.5052262132232254, 0.49612750770809416, 0.5095612943709433, 0.5152105535472835, 0.5087793932304726, 0.5068569035143465, 0.5085335964555139, 0.545887249976665, 0.5126162602020814, 0.5154926358042536, 0.5210444859556249, 0.5227486631891749, 0.5274926505647264, 0.5341593447032276, 0.5273578106820046], "lr_rate_list": [[0.0001], [0.0001], [0.0001], [0.0001], [0.0001], [0.0001], [0.0001], [0.0001], [0.0001], [0.0001], [0.0001], [0.0001], [0.0001], [1.5e-05], [1.5e-05], [1.5e-05], [1.5e-05], [1.5e-05], [1.5e-05], [2.25e-06]]}