{"model": "Unet-EfficientB1-BCEDice-20E", "epochs": 20, "batch_size": 8, "encoder": "efficientnet-b1", "encoder_weights": "imagenet", "lr_encoder": 0.0001, "lr_decoder": 0.001, "loss": "bceDice", "train_loss_list": [0.5338029513925618, 0.44192683299661184, 0.40019781106795227, 0.3727211786866594, 0.35879637935409514, 0.3490298681783667, 0.3396176669192061, 0.3371587053756393, 0.33044799292906807, 0.32436975364430926, 0.32057364796426585, 0.3169936945576439, 0.313454949164338, 0.30966726571852926, 0.30492117417596715, 0.302209984788052, 0.29864176253927566, 0.29686907180395566, 0.29124793589437586, 0.28054997138044585], "valid_loss_list": [0.5295461614926656, 0.41275001914651543, 0.3850143673183682, 0.6128082890768309, 0.3594353515822608, 0.36665750065365355, 0.3621527535958333, 0.35953869492084056, 0.34413680396638474, 0.3516683056547835, 0.4589804516182289, 0.4101765807147499, 0.34336933112359264, 0.3444704491812904, 0.35105534131462507, 0.5435001987594742, 0.49299190420288225, 0.35249595416558754, 0.3556091042252274, 0.329035694158829], "dice_score_list": [0.18204390097845782, 0.23310969743105742, 0.23482334809797303, 0.04724980094679841, 0.24465150293466206, 0.22039240920865857, 0.2163859279037596, 0.24294742192770985, 0.24268557853526898, 0.24899905737455902, 0.16173953996585297, 0.17997236316268508, 0.2570021991257195, 0.2470669666120598, 0.2393431573032259, 0.13652190827840083, 0.13694264043021848, 0.25350980941239776, 0.24605201831809034, 0.2607313895547712], "lr_rate_list": [[0.0001, 0.001], [0.0001, 0.001], [0.0001, 0.001], [0.0001, 0.001], [0.0001, 0.001], [0.0001, 0.001], [0.0001, 0.001], [0.0001, 0.001], [0.0001, 0.001], [0.0001, 0.001], [0.0001, 0.001], [0.0001, 0.001], [0.0001, 0.001], [0.0001, 0.001], [0.0001, 0.001], [0.0001, 0.001], [0.0001, 0.001], [0.0001, 0.001], [0.0001, 0.001], [1.5e-05, 0.00015]]}