{"model": "Unet-ResNet50-Focal-20E-NoResize", "epochs": 20, "batch_size": 8, "encoder": "resnet50", "encoder_weights": "imagenet", "lr_encoder": 0.0001, "lr_decoder": 0.001, "loss": "focal", "train_loss_list": [0.12797656659939274, 0.10695620045361455, 0.09776468222102094, 0.09073344209949662, 0.08635968518648852, 0.08303006146677126, 0.0803048488113188, 0.0789235101714566, 0.07730525856241628, 0.07657659071492208, 0.07535912771247427, 0.07403288761639351, 0.07410868661236701, 0.07291647744242066, 0.07222470140002146, 0.07149895664996408, 0.0709548833177458, 0.07066081992444379, 0.07026958480205643, 0.06990621083546106], "valid_loss_list": [0.11540471348945085, 0.10122386594344904, 0.09214914634421065, 0.09023840818050745, 0.08365945113940282, 0.08103875944743286, 0.08206577580254357, 0.07704449053014721, 0.07741535593260516, 0.07546985844771067, 0.07468127578765422, 0.0731430760509259, 0.07347276178566185, 0.07493991145679543, 0.07360662260839532, 0.07214093769455815, 0.07046172051010906, 0.0708567964198353, 0.07082628284220223, 0.07164589393514771], "dice_score_list": [0.19468432748102926, 0.19886221496371537, 0.19961926904884544, 0.2007099866598576, 0.20435542654883754, 0.20533699830910107, 0.2094676435799212, 0.20697894619928825, 0.20898048273614936, 0.208657402525077, 0.207528207618911, 0.21292413900027404, 0.2098622545465693, 0.20768593968571844, 0.2126595774212399, 0.21389478329602662, 0.21101110601747358, 0.21437576944763595, 0.21462391021552388, 0.21593101537442422], "lr_rate_list": [[0.0001, 0.001, 0.001], [0.0001, 0.001, 0.001], [0.0001, 0.001, 0.001], [0.0001, 0.001, 0.001], [0.0001, 0.001, 0.001], [0.0001, 0.001, 0.001], [0.0001, 0.001, 0.001], [0.0001, 0.001, 0.001], [0.0001, 0.001, 0.001], [0.0001, 0.001, 0.001], [0.0001, 0.001, 0.001], [0.0001, 0.001, 0.001], [0.0001, 0.001, 0.001], [0.0001, 0.001, 0.001], [0.0001, 0.001, 0.001], [0.0001, 0.001, 0.001], [0.0001, 0.001, 0.001], [0.0001, 0.001, 0.001], [0.0001, 0.001, 0.001], [0.0001, 0.001, 0.001]]}