{"model": "ResNet34-BCE-20E", "epochs": 20, "batch_size": 16, "backbone": "resnet34", "lr": 0.0001, "loss": "bce", "train_loss_list": [0.553674727328948, 0.522451514107779, 0.5101079294765394, 0.5059804890583612, 0.5008166807529838, 0.49650959774005293, 0.4929120556205323, 0.4862656812607651, 0.48288297792938617, 0.4725411573544185, 0.47237044860372895, 0.4688658176293988, 0.4610268595091817, 0.45573736419540145, 0.4534244377189547, 0.41284458491047615, 0.3938009868450698, 0.3834349693641456, 0.3728259347170941, 0.3631575195718392], "valid_loss_list": [0.5440581679344177, 0.5490453535909051, 0.5948842680132067, 0.5169151587529225, 0.49706461257762735, 0.5161029582625036, 0.5260981028144424, 0.5050543948336764, 0.4923119583645382, 0.5057404265747414, 0.5566443285426578, 0.5314183820475329, 0.6064706778741098, 0.5376332109038894, 0.5108950228304476, 0.5136063878600662, 0.5255403064392709, 0.5337645248249845, 0.5521419059048902, 0.5560760099608619], "lr_rate_list": [[0.0001], [0.0001], [0.0001], [0.0001], [0.0001], [0.0001], [0.0001], [0.0001], [0.0001], [0.0001], [0.0001], [0.0001], [0.0001], [0.0001], [0.0001], [1.5e-05], [1.5e-05], [1.5e-05], [1.5e-05], [1.5e-05]]}