{"model": "Unet-ResNet50-BCEDice-20E-NoResize", "epochs": 20, "batch_size": 8, "encoder": "resnet50", "encoder_weights": "imagenet", "lr_encoder": 0.0001, "lr_decoder": 0.001, "loss": "bceDice", "train_loss_list": [0.5886969100351779, 0.5154921075094441, 0.47170641291621596, 0.43864174757135627, 0.4158603843264961, 0.3965447669849919, 0.38261917313481353, 0.37163643181574796, 0.364475121289832, 0.35632286521290235, 0.35120075687309277, 0.3463184412376982, 0.34204317725772393, 0.3374187948230368, 0.33582269342288157, 0.33286553304817845, 0.33054828721424595, 0.3282815622461747, 0.3263756759096018, 0.3253487880591567], "valid_loss_list": [0.5392095532503214, 0.49149813136538945, 0.46284913544182305, 0.42573811959575963, 0.4026507822242943, 0.38011923276626314, 0.373225503891438, 0.37535751252561, 0.35290252689842705, 0.35337541038925585, 0.34924037810918446, 0.3381388269029222, 0.3360532970041842, 0.36001299168612505, 0.330212626263902, 0.32945330191302946, 0.3295870708452689, 0.32789913899189715, 0.331907506032033, 0.32753722442163], "dice_score_list": [0.23279410780550122, 0.23770338866087767, 0.23761987425722517, 0.24841213594148825, 0.24605778155026134, 0.2511306787664826, 0.25099508526088954, 0.24186857178941504, 0.25752073386767965, 0.24919667268121565, 0.25431896150112154, 0.25882286990548037, 0.2572410591282286, 0.24808071328176035, 0.26065778753778956, 0.26177100831860894, 0.26382425132098497, 0.2627775556869335, 0.2599437842497955, 0.2683462465131605], "lr_rate_list": [[0.0001, 0.001, 0.001], [0.0001, 0.001, 0.001], [0.0001, 0.001, 0.001], [0.0001, 0.001, 0.001], [0.0001, 0.001, 0.001], [0.0001, 0.001, 0.001], [0.0001, 0.001, 0.001], [0.0001, 0.001, 0.001], [0.0001, 0.001, 0.001], [0.0001, 0.001, 0.001], [0.0001, 0.001, 0.001], [0.0001, 0.001, 0.001], [0.0001, 0.001, 0.001], [0.0001, 0.001, 0.001], [0.0001, 0.001, 0.001], [0.0001, 0.001, 0.001], [0.0001, 0.001, 0.001], [0.0001, 0.001, 0.001], [0.0001, 0.001, 0.001], [0.0001, 0.001, 0.001]]}